{"assets/app/env":["assets/app/env"],"assets/fonts/Lato-Black.ttf":["assets/fonts/Lato-Black.ttf"],"assets/fonts/Lato-Bold.ttf":["assets/fonts/Lato-Bold.ttf"],"assets/fonts/Lato-Regular.ttf":["assets/fonts/Lato-Regular.ttf"],"assets/fonts/Lato-Thin.ttf":["assets/fonts/Lato-Thin.ttf"],"assets/images/app_logo/appLogo.png":["assets/images/app_logo/appLogo.png"],"assets/images/icons/Vector.png":["assets/images/icons/Vector.png"],"assets/images/icons/account.png":["assets/images/icons/account.png"],"assets/images/icons/add.png":["assets/images/icons/add.png"],"assets/images/icons/camara_permission.png":["assets/images/icons/camara_permission.png"],"assets/images/icons/cart.png":["assets/images/icons/cart.png"],"assets/images/icons/checkCircle.png":["assets/images/icons/checkCircle.png"],"assets/images/icons/checkIcon.png":["assets/images/icons/checkIcon.png"],"assets/images/icons/check_icon.png":["assets/images/icons/check_icon.png"],"assets/images/icons/clock.png":["assets/images/icons/clock.png"],"assets/images/icons/cod.png":["assets/images/icons/cod.png"],"assets/images/icons/deal.png":["assets/images/icons/deal.png"],"assets/images/icons/delete_icon.png":["assets/images/icons/delete_icon.png"],"assets/images/icons/deliveryAddress.png":["assets/images/icons/deliveryAddress.png"],"assets/images/icons/dryClean.png":["assets/images/icons/dryClean.png"],"assets/images/icons/facebook.png":["assets/images/icons/facebook.png"],"assets/images/icons/file.png":["assets/images/icons/file.png"],"assets/images/icons/filter.png":["assets/images/icons/filter.png"],"assets/images/icons/google.png":["assets/images/icons/google.png"],"assets/images/icons/heart_icon.png":["assets/images/icons/heart_icon.png"],"assets/images/icons/home.png":["assets/images/icons/home.png"],"assets/images/icons/invoice.png":["assets/images/icons/invoice.png"],"assets/images/icons/kyc.png":["assets/images/icons/kyc.png"],"assets/images/icons/location_permission.png":["assets/images/icons/location_permission.png"],"assets/images/icons/logout.png":["assets/images/icons/logout.png"],"assets/images/icons/myOffers.png":["assets/images/icons/myOffers.png"],"assets/images/icons/navigation_my_address.png":["assets/images/icons/navigation_my_address.png"],"assets/images/icons/nevigation_aboutus.png":["assets/images/icons/nevigation_aboutus.png"],"assets/images/icons/nevigation_cancle.png":["assets/images/icons/nevigation_cancle.png"],"assets/images/icons/nevigation_earn.png":["assets/images/icons/nevigation_earn.png"],"assets/images/icons/nevigation_faq.png":["assets/images/icons/nevigation_faq.png"],"assets/images/icons/nevigation_home.png":["assets/images/icons/nevigation_home.png"],"assets/images/icons/nevigation_logout.png":["assets/images/icons/nevigation_logout.png"],"assets/images/icons/nevigation_order.png":["assets/images/icons/nevigation_order.png"],"assets/images/icons/nevigation_privecy.png":["assets/images/icons/nevigation_privecy.png"],"assets/images/icons/nevigation_treams.png":["assets/images/icons/nevigation_treams.png"],"assets/images/icons/nevigation_walet.png":["assets/images/icons/nevigation_walet.png"],"assets/images/icons/notification.png":["assets/images/icons/notification.png"],"assets/images/icons/package.png":["assets/images/icons/package.png"],"assets/images/icons/password.png":["assets/images/icons/password.png"],"assets/images/icons/photo_permission.png":["assets/images/icons/photo_permission.png"],"assets/images/icons/pickupAddress.png":["assets/images/icons/pickupAddress.png"],"assets/images/icons/rejectCircle.png":["assets/images/icons/rejectCircle.png"],"assets/images/icons/search.png":["assets/images/icons/search.png"],"assets/images/icons/shot.png":["assets/images/icons/shot.png"],"assets/images/icons/sidebar.png":["assets/images/icons/sidebar.png"],"assets/images/icons/store.png":["assets/images/icons/store.png"],"assets/images/icons/text_permission.png":["assets/images/icons/text_permission.png"],"assets/images/icons/transaction.png":["assets/images/icons/transaction.png"],"assets/images/icons/truck.png":["assets/images/icons/truck.png"],"assets/images/icons/upi.png":["assets/images/icons/upi.png"],"assets/images/icons/video_youtube_icon.png":["assets/images/icons/video_youtube_icon.png"],"assets/images/icons/w-delivery.png":["assets/images/icons/w-delivery.png"],"assets/images/icons/wallet.png":["assets/images/icons/wallet.png"],"assets/images/icons/wash&Iron.png":["assets/images/icons/wash&Iron.png"],"assets/images/placeholder_and_error/error.png":["assets/images/placeholder_and_error/error.png"],"assets/images/placeholder_and_error/placeholderImage.gif":["assets/images/placeholder_and_error/placeholderImage.gif"],"assets/images/view_images/ReferAndEarn.png":["assets/images/view_images/ReferAndEarn.png"],"assets/images/view_images/background.jpg":["assets/images/view_images/background.jpg"],"assets/images/view_images/contectUs.png":["assets/images/view_images/contectUs.png"],"assets/images/view_images/flag.png":["assets/images/view_images/flag.png"],"assets/images/view_images/main_view_background.png":["assets/images/view_images/main_view_background.png"],"assets/images/view_images/no_data_found.png":["assets/images/view_images/no_data_found.png"],"assets/images/view_images/ovalImage.png":["assets/images/view_images/ovalImage.png"],"assets/images/view_images/verify_otp.png":["assets/images/view_images/verify_otp.png"],"assets/lottie/Successful.json":["assets/lottie/Successful.json"],"assets/lottie/empty_lottie.json":["assets/lottie/empty_lottie.json"],"assets/lottie/failure_lottie.json":["assets/lottie/failure_lottie.json"],"assets/lottie/no_internet_lottie.json":["assets/lottie/no_internet_lottie.json"],"packages/cupertino_icons/assets/CupertinoIcons.ttf":["packages/cupertino_icons/assets/CupertinoIcons.ttf"],"packages/fluttertoast/assets/toastify.css":["packages/fluttertoast/assets/toastify.css"],"packages/fluttertoast/assets/toastify.js":["packages/fluttertoast/assets/toastify.js"]}